{
  "focal_length_errors": {
    "fx": 9.117038684849604,
    "fy": 8.142622840900685,
    "fx_pct": 0.5809942082658321,
    "fy_pct": 0.5179758400058669
  },
  "principal_point_errors": {
    "cx": 4.633604557043441,
    "cy": 2.467801573822385,
    "cx_pct": 0.48436170013061747,
    "cy_pct": 0.4629040692312243
  },
  "distortion_errors": [
    0.0009817390441026752,
    0.023549809484793238,
    0.0004401492533672559,
    0.0006551753597185742,
    0.03332755202305404
  ],
  "reprojection_error": 0.08652757870251725,
  "K_matrix_diff": [
    [
      9.117038684849604,
      0.0,
      4.633604557043441
    ],
    [
      0.0,
      8.142622840900685,
      2.467801573822385
    ],
    [
      0.0,
      0.0,
      0.0
    ]
  ],
  "computed": {
    "K_matrix": [
      [
        1578.3303897202063,
        0.0,
        961.2750061777538
      ],
      [
        0.0,
        1580.1508541144785,
        530.6451559166632
      ],
      [
        0.0,
        0.0,
        1.0
      ]
    ],
    "distortion_coefficients": [
      0.18789856125542762,
      -0.6032761600733115,
      -0.0009608612191485625,
      0.0010484095369436884,
      0.5728465822839317
    ],
    "reprojection_error": 0.08652757870251725,
    "num_images_used": 37,
    "focal_length": {
      "fx": 1578.3303897202063,
      "fy": 1580.1508541144785
    },
    "principal_point": {
      "cx": 961.2750061777538,
      "cy": 530.6451559166632
    },
    "resolution": [
      1920,
      1080
    ]
  },
  "reference": {
    "K_matrix": [
      [
        1569.2133510353567,
        0.0,
        956.6414016207103
      ],
      [
        0.0,
        1572.0082312735778,
        533.1129574904855
      ],
      [
        0.0,
        0.0,
        1.0
      ]
    ],
    "distortion_coefficients": [
      0.1888803002995303,
      -0.6268259695581048,
      -0.0014010104725158184,
      0.0003932341772251142,
      0.6061741343069857
    ],
    "resolution": [
      1920,
      1080
    ],
    "fps": 30.0
  }
}