{
  "focal_length_errors": {
    "fx": 2.127910518763656,
    "fy": 1.9541105034199973,
    "fx_pct": 0.06554908148766685,
    "fy_pct": 0.0601832775623966
  },
  "principal_point_errors": {
    "cx": 1.70852605370942,
    "cy": 0.2462150998683228,
    "cx_pct": 0.08924191173265941,
    "cy_pct": 0.022378499877716812
  },
  "distortion_errors": [
    0.008120763338312076,
    0.06476436636478755,
    0.00033577365586966623,
    0.00038050444496299943,
    0.12953604348624392
  ],
  "reprojection_error": 0.16817297186512786,
  "K_matrix_diff": [
    [
      2.127910518763656,
      0.0,
      1.70852605370942
    ],
    [
      0.0,
      1.9541105034199973,
      0.2462150998683228
    ],
    [
      0.0,
      0.0,
      0.0
    ]
  ],
  "computed": {
    "K_matrix": [
      [
        3248.4137019741715,
        0.0,
        1912.7798802767427
      ],
      [
        0.0,
        3248.886784440996,
        1099.9843687807306
      ],
      [
        0.0,
        0.0,
        1.0
      ]
    ],
    "distortion_coefficients": [
      0.16188543225231208,
      -0.7872163747447876,
      -0.0008167926768696662,
      -0.0012428048369629995,
      1.087717963428244
    ],
    "reprojection_error": 0.16817297186512786,
    "num_images_used": 61,
    "focal_length": {
      "fx": 3248.4137019741715,
      "fy": 3248.886784440996
    },
    "principal_point": {
      "cx": 1912.7798802767427,
      "cy": 1099.9843687807306
    },
    "resolution": [
      3840,
      2160
    ]
  },
  "reference": {
    "K_matrix": [
      [
        3246.285791455408,
        0,
        1914.488406330452
      ],
      [
        0.0,
        3246.932673937576,
        1100.230583880599
      ],
      [
        0.0,
        0.0,
        1.0
      ]
    ],
    "distortion_coefficients": [
      0.153764668914,
      -0.72245200838,
      -0.000481019021,
      -0.000862300392,
      0.958181919942
    ],
    "resolution": [
      3840,
      2160
    ],
    "fps": 60.031088
  }
}