{
  "focal_length_errors": {
    "fx": 0.510809110069431,
    "fy": 0.4747155291033778,
    "fx_pct": 0.03235637509997048,
    "fy_pct": 0.030029443079931592
  },
  "principal_point_errors": {
    "cx": 3.1835541476649496,
    "cy": 2.6984670005522275,
    "cx_pct": 0.34051851958985385,
    "cy_pct": 0.5084585781367372
  },
  "distortion_errors": [
    0.008617239511492875,
    0.04284157618103297,
    0.00021385142932274604,
    0.0009870712103896727,
    0.0719766311340635
  ],
  "reprojection_error": 0.15359133693363825,
  "K_matrix_diff": [
    [
      0.510809110069431,
      0.0,
      3.1835541476649496
    ],
    [
      0.0,
      0.4747155291033778,
      2.6984670005522275
    ],
    [
      0.0,
      0.0,
      0.0
    ]
  ],
  "computed": {
    "K_matrix": [
      [
        1579.2077691100694,
        0.0,
        931.7301038523351
      ],
      [
        0.0,
        1580.3588944708965,
        528.0167409994477
      ],
      [
        0.0,
        0.0,
        1.0
      ]
    ],
    "distortion_coefficients": [
      -0.10908226932749288,
      0.16295763751503298,
      -0.00023497364032274603,
      -0.0015165546343896726,
      -0.1026446092730635
    ],
    "reprojection_error": 0.15359133693363825,
    "num_images_used": 105,
    "focal_length": {
      "fx": 1579.2077691100694,
      "fy": 1580.3588944708965
    },
    "principal_point": {
      "cx": 931.7301038523351,
      "cy": 528.0167409994477
    },
    "resolution": [
      1920,
      1080
    ]
  },
  "reference": {
    "K_matrix": [
      [
        1578.69696,
        0.0,
        934.913658
      ],
      [
        0.0,
        1580.83361,
        530.715208
      ],
      [
        0.0,
        0.0,
        1.0
      ]
    ],
    "distortion_coefficients": [
      -0.100465029816,
      0.120116061334,
      -2.1122211e-05,
      -0.000529483424,
      -0.030667978139
    ],
    "resolution": [
      1920,
      1080
    ],
    "fps": 25
  }
}