{
  "focal_length_errors": {
    "fx": 1.3988498024812088,
    "fy": 1.2396555903978879,
    "fx_pct": 0.09051551769520283,
    "fy_pct": 0.0801864181717018
  },
  "principal_point_errors": {
    "cx": 1.0437303592588023,
    "cy": 0.8194044020669935,
    "cx_pct": 0.10747272814152055,
    "cy_pct": 0.15296468400471244
  },
  "distortion_errors": [
    0.00037565929612895163,
    0.0059690185689094885,
    0.00017270757775137357,
    0.00012114967292972982,
    0.004961432875311311
  ],
  "reprojection_error": 0.1265737350052977,
  "K_matrix_diff": [
    [
      1.3988498024812088,
      0.0,
      1.0437303592588023
    ],
    [
      0.0,
      1.2396555903978879,
      0.8194044020669935
    ],
    [
      0.0,
      0.0,
      0.0
    ]
  ],
  "computed": {
    "K_matrix": [
      [
        1544.0265513885297,
        0.0,
        970.1146065580042
      ],
      [
        0.0,
        1544.7273780579121,
        536.501485137611
      ],
      [
        0.0,
        0.0,
        1.0
      ]
    ],
    "distortion_coefficients": [
      -0.010856700380871049,
      0.03996221384809051,
      9.116051624862642e-05,
      -0.0013747881269297298,
      -0.14674164469668868
    ],
    "reprojection_error": 0.1265737350052977,
    "num_images_used": 82,
    "focal_length": {
      "fx": 1544.0265513885297,
      "fy": 1544.7273780579121
    },
    "principal_point": {
      "cx": 970.1146065580042,
      "cy": 536.501485137611
    },
    "resolution": [
      1920,
      1080
    ]
  },
  "reference": {
    "K_matrix": [
      [
        1545.425401191011,
        0.0,
        971.158336917263
      ],
      [
        0.0,
        1545.96703364831,
        535.682080735544
      ],
      [
        0.0,
        0.0,
        1.0
      ]
    ],
    "distortion_coefficients": [
      -0.011232359677,
      0.045931232417,
      0.000263868094,
      -0.001253638454,
      -0.151703077572
    ],
    "resolution": [
      1920,
      1080
    ],
    "fps": 29.97003
  }
}