{
  "focal_length_errors": {
    "fx": 38.14809982500287,
    "fy": 36.96359820987959,
    "fx_pct": 2.531962714975528,
    "fy_pct": 2.4555925931947904
  },
  "principal_point_errors": {
    "cx": 5.5894941972803736,
    "cy": 12.739169233671873,
    "cx_pct": 0.5782261496367836,
    "cy_pct": 2.402434657374611
  },
  "distortion_errors": [
    0.0036365177889763397,
    0.05015045921899016,
    0.003735240151231629,
    0.001796632490699141
  ],
  "reprojection_error": 0.10178122512989039,
  "K_matrix_diff": [
    [
      38.14809982500287,
      0.0,
      5.5894941972803736
    ],
    [
      0.0,
      36.96359820987959,
      12.739169233671873
    ],
    [
      0.0,
      0.0,
      0.0
    ]
  ],
  "computed": {
    "K_matrix": [
      [
        1468.5131001749971,
        0.0,
        961.0728058027196
      ],
      [
        0.0,
        1468.3186017901205,
        517.5216307663281
      ],
      [
        0.0,
        0.0,
        1.0
      ]
    ],
    "distortion_coefficients": [
      -0.010310025386797119,
      0.05792612247058179,
      -0.003735240151231629,
      0.001796632490699141,
      -0.08250038501571891
    ],
    "reprojection_error": 0.10178122512989039,
    "num_images_used": 85,
    "focal_length": {
      "fx": 1468.5131001749971,
      "fy": 1468.3186017901205
    },
    "principal_point": {
      "cx": 961.0728058027196,
      "cy": 517.5216307663281
    },
    "resolution": [
      1920,
      1080
    ]
  },
  "reference": {
    "K_matrix": [
      [
        1506.6612,
        0,
        966.6623
      ],
      [
        0,
        1505.2822,
        530.2608
      ],
      [
        0,
        0,
        1
      ]
    ],
    "distortion_coefficients": [
      -0.006673507597820779,
      0.007775663251591633,
      0,
      0
    ],
    "resolution": [
      1920,
      1080
    ],
    "fps": 50
  }
}