{
  "focal_length_errors": {
    "fx": 2.3574687354655453,
    "fy": 2.5918136543543824,
    "fx_pct": 0.20031182966075567,
    "fy_pct": 0.1647754825003243
  },
  "principal_point_errors": {
    "cx": 1.4559240477545927,
    "cy": 0.2907492036454187,
    "cx_pct": 0.2072013669716371,
    "cy_pct": 0.05464974258920658
  },
  "distortion_errors": [
    0.006928643497608411,
    0.04256432968560789,
    2.7180299486394825e-05,
    0.0004366821475598046,
    0.07688516194192474
  ],
  "reprojection_error": 0.15535729620425717,
  "K_matrix_diff": [
    [
      2.3574687354655453,
      0.0,
      1.4559240477545927
    ],
    [
      0.0,
      2.5918136543543824,
      0.2907492036454187
    ],
    [
      0.0,
      0.0,
      0.0
    ]
  ],
  "computed": {
    "K_matrix": [
      [
        1179.2568757540676,
        0.0,
        701.2054864601635
      ],
      [
        0.0,
        1575.5282815231594,
        531.7322574387356
      ],
      [
        0.0,
        0.0,
        1.0
      ]
    ],
    "distortion_coefficients": [
      -0.11100435703560842,
      0.1839064696176079,
      -5.737078951360517e-05,
      -0.0008279756025598046,
      -0.14492215695492475
    ],
    "reprojection_error": 0.15535729620425717,
    "num_images_used": 77,
    "focal_length": {
      "fx": 1179.2568757540676,
      "fy": 1575.5282815231594
    },
    "principal_point": {
      "cx": 701.2054864601635,
      "cy": 531.7322574387356
    },
    "resolution": [
      1440,
      1080
    ]
  },
  "reference": {
    "K_matrix": [
      [
        1176.899407018602,
        0.0,
        702.661410507918
      ],
      [
        0.0,
        1572.936467868805,
        532.023006642381
      ],
      [
        0.0,
        0.0,
        1.0
      ]
    ],
    "distortion_coefficients": [
      -0.104075713538,
      0.141342139932,
      -8.4551089e-05,
      -0.000391293455,
      -0.068036995013
    ],
    "resolution": [
      1440,
      1080
    ],
    "fps": 25
  }
}