{
  "focal_length_errors": {
    "fx": 2.4210656954951446,
    "fy": 2.5361496784817064,
    "fx_pct": 0.12618359425831469,
    "fy_pct": 0.1324520679592101
  },
  "principal_point_errors": {
    "cx": 1.944835514672377,
    "cy": 6.826709855225317,
    "cx_pct": 0.20141609193556803,
    "cy_pct": 1.2399799936836469
  },
  "distortion_errors": [
    0.004144293761587696,
    0.0727402857163466,
    8.383002051960643e-05,
    0.0007932727411047906,
    0.19190278530456614
  ],
  "reprojection_error": 0.2426504954311302,
  "K_matrix_diff": [
    [
      2.4210656954951446,
      0.0,
      1.944835514672377
    ],
    [
      0.0,
      2.5361496784817064,
      6.826709855225317
    ],
    [
      0.0,
      0.0,
      0.0
    ]
  ],
  "computed": {
    "K_matrix": [
      [
        1921.106065695495,
        0.0,
        967.5258355146724
      ],
      [
        0.0,
        1917.3040484044857,
        543.7232901447746
      ],
      [
        0.0,
        0.0,
        1.0
      ]
    ],
    "distortion_coefficients": [
      0.025267800757412303,
      0.013229518582346599,
      0.0017724410104803935,
      0.0030624079391047905,
      0.08452297901443387
    ],
    "reprojection_error": 0.2426504954311302,
    "num_images_used": 131,
    "focal_length": {
      "fx": 1921.106065695495,
      "fy": 1917.3040484044857
    },
    "principal_point": {
      "cx": 967.5258355146724,
      "cy": 543.7232901447746
    },
    "resolution": [
      1920,
      1080
    ]
  },
  "reference": {
    "K_matrix": [
      [
        1918.685,
        0.0,
        965.581
      ],
      [
        0.0,
        1914.767898726004,
        550.55
      ],
      [
        0.0,
        0.0,
        1.0
      ]
    ],
    "distortion_coefficients": [
      0.029412094519,
      -0.059510767134,
      0.001856271031,
      0.002269135198,
      0.276425764319
    ],
    "resolution": [
      1920,
      1080
    ],
    "fps": 29.838692
  }
}