{
  "focal_length_errors": {
    "fx": 1.8100531200302612,
    "fy": 1.4719984365498249,
    "fx_pct": 0.206988072564975,
    "fy_pct": 0.16463316312506643
  },
  "principal_point_errors": {
    "cx": 0.6279012878944741,
    "cy": 4.461910333395849,
    "cx_pct": 0.06471415598117071,
    "cy_pct": 0.8398482491920134
  },
  "distortion_errors": [
    0.000688369019708257,
    4.922525987284543e-05,
    0.00028682058385715617,
    6.013225791342414e-05,
    7.871226954507884e-05
  ],
  "reprojection_error": 0.2627727322643488,
  "K_matrix_diff": [
    [
      1.8100531200302612,
      0.0,
      0.6279012878944741
    ],
    [
      0.0,
      1.4719984365498249,
      4.461910333395849
    ],
    [
      0.0,
      0.0,
      0.0
    ]
  ],
  "computed": {
    "K_matrix": [
      [
        872.6621314847483,
        0.0,
        970.8967371777867
      ],
      [
        0.0,
        892.6360953450146,
        535.7376899386384
      ],
      [
        0.0,
        0.0,
        1.0
      ]
    ],
    "distortion_coefficients": [
      -0.2600322659800847,
      0.0749970495384,
      0.00015050595486881693,
      0.00023497987567267179,
      -0.00914119011257456
    ],
    "reprojection_error": 0.2627727322643488,
    "num_images_used": 112,
    "focal_length": {
      "fx": 872.6621314847483,
      "fy": 892.6360953450146
    },
    "principal_point": {
      "cx": 970.8967371777867,
      "cy": 535.7376899386384
    },
    "resolution": [
      1920,
      1080
    ]
  },
  "reference": {
    "K_matrix": [
      [
        874.4721846047786,
        0.0,
        970.2688358898922
      ],
      [
        0.0,
        894.1080937815644,
        531.2757796052425
      ],
      [
        0.0,
        0.0,
        1.0
      ]
    ],
    "distortion_coefficients": [
      -0.260720634999793,
      0.07494782427852716,
      -0.00013631462898833923,
      0.00017484761775924765,
      -0.00906247784302948
    ],
    "resolution": [
      1920,
      1080
    ],
    "fps": 59.94006
  }
}