{
  "focal_length_errors": {
    "fx": 3.106561903297006,
    "fy": 3.3709363333427973,
    "fx_pct": 0.09514744788770055,
    "fy_pct": 0.10388028255145579
  },
  "principal_point_errors": {
    "cx": 3.872778631892743,
    "cy": 13.044967025518645,
    "cx_pct": 0.20698945589435092,
    "cy_pct": 1.3017832237007627
  },
  "distortion_errors": [
    0.0039880514365656095,
    0.02615868486002071,
    0.0003495486985324338,
    0.0004090264455444306,
    0.04697667484760959
  ],
  "reprojection_error": 0.2691574152773205,
  "K_matrix_diff": [
    [
      3.106561903297006,
      0.0,
      3.872778631892743
    ],
    [
      0.0,
      3.3709363333427973,
      13.044967025518645
    ],
    [
      0.0,
      0.0,
      0.0
    ]
  ],
  "computed": {
    "K_matrix": [
      [
        3261.891052077459,
        0.0,
        1867.130077605113
      ],
      [
        0.0,
        3248.3913103134064,
        1015.1293992118451
      ],
      [
        0.0,
        0.0,
        1.0
      ]
    ],
    "distortion_coefficients": [
      0.18818071297189773,
      -0.7819439782798904,
      -0.0010150025802405128,
      -0.0031928363290999657,
      0.9867730869897188
    ],
    "reprojection_error": 0.2691574152773205,
    "num_images_used": 53,
    "focal_length": {
      "fx": 3261.891052077459,
      "fy": 3248.3913103134064
    },
    "principal_point": {
      "cx": 1867.130077605113,
      "cy": 1015.1293992118451
    },
    "resolution": [
      3840,
      2160
    ]
  },
  "reference": {
    "K_matrix": [
      [
        3264.997613980756,
        0.0,
        1871.0028562370057
      ],
      [
        0.0,
        3245.0203739800636,
        1002.0844321863265
      ],
      [
        0.0,
        0.0,
        1.0
      ]
    ],
    "distortion_coefficients": [
      0.18419266153533212,
      -0.7557852934198697,
      -0.0013645512787729467,
      -0.002783809883555535,
      0.9397964121421092
    ],
    "resolution": [
      3840,
      2160
    ],
    "fps": 30
  }
}